ID_Cliente,Idade,Gênero,Renda_Anual,Frequência_Compra,Ticket_Médio,Pontuação_Fidelidade
1,56,Feminino,25895,12,136,51
2,69,Feminino,39738,2,153,81
3,46,Masculino,50746,3,77,5
4,32,Masculino,69377,12,63,29
5,60,Feminino,68404,1,192,4
6,25,Masculino,74045,1,179,10
7,38,Masculino,117888,13,192,56
8,56,Masculino,59790,3,336,17
9,36,Feminino,25600,11,322,74
10,40,Feminino,114660,5,168,17
11,28,Feminino,113179,12,99,84
12,28,Masculino,60764,3,393,88
13,41,Masculino,94543,1,232,69
14,53,Feminino,65714,1,222,34
15,57,Feminino,76835,8,271,6
16,41,Feminino,93744,10,248,53
17,20,Feminino,76491,11,183,66
18,39,Masculino,38589,12,246,77
19,19,Feminino,63484,13,166,43
20,41,Masculino,102989,13,39,75
21,61,Feminino,56212,12,460,23
22,47,Masculino,63525,14,421,55
23,55,Feminino,67202,2,66,80
24,19,Feminino,52635,13,252,95
25,38,Feminino,83208,3,324,75
26,50,Feminino,53828,2,33,16
27,29,Masculino,38711,3,162,8
28,39,Feminino,23420,7,434,4
29,61,Masculino,116752,1,20,4
30,42,Masculino,20301,10,392,56
31,66,Masculino,65236,8,73,25
32,44,Masculino,86235,13,393,67
33,59,Feminino,74240,10,278,96
34,45,Masculino,85726,10,163,67
35,33,Masculino,30492,10,490,27
36,32,Masculino,26102,14,460,93
37,64,Feminino,70336,2,478,32
38,68,Feminino,105314,3,31,50
39,61,Feminino,46641,9,349,61
40,69,Feminino,54584,7,243,51
41,20,Masculino,52745,4,291,19
42,54,Masculino,43093,10,475,21
43,68,Feminino,86105,5,377,5
44,24,Masculino,71885,2,479,82
45,38,Masculino,56631,13,427,92
46,26,Masculino,92991,11,175,42
47,56,Feminino,24014,13,392,61
48,35,Feminino,31093,8,27,22
49,21,Masculino,38070,4,141,21
50,42,Feminino,55777,9,367,70
51,31,Feminino,76958,5,183,1
52,67,Feminino,102074,13,109,5
53,26,Feminino,30729,9,155,12
54,43,Feminino,119713,4,205,90
55,19,Masculino,65017,10,335,46
56,37,Feminino,86320,5,197,34
57,45,Masculino,47751,9,47,49
58,64,Masculino,98069,8,239,78
59,24,Feminino,74748,3,376,90
60,61,Masculino,25801,1,60,45
61,25,Masculino,39190,3,247,27
62,64,Masculino,69689,4,211,73
63,52,Feminino,70993,2,430,26
64,31,Feminino,49592,1,466,47
65,34,Masculino,30647,7,164,86
66,53,Feminino,28716,8,220,56
67,67,Feminino,108891,7,436,94
68,57,Feminino,107545,14,231,63
69,21,Feminino,109912,5,480,48
70,19,Masculino,90316,12,239,61
71,23,Masculino,22368,1,259,81
72,59,Feminino,97575,7,432,26
73,21,Feminino,26655,13,416,36
74,46,Masculino,90031,7,65,1
75,35,Masculino,96429,9,54,8
76,43,Feminino,111083,3,272,99
77,61,Masculino,107922,9,409,52
78,51,Feminino,75766,14,101,79
79,27,Feminino,33403,1,390,47
80,53,Masculino,52097,1,275,56
81,31,Masculino,98657,14,216,86
82,48,Feminino,30966,4,322,14
83,65,Feminino,119157,9,428,90
84,32,Masculino,113848,6,469,28
85,25,Feminino,72921,13,29,87
86,31,Masculino,69726,11,331,78
87,40,Feminino,70300,3,305,88
88,57,Masculino,42677,1,261,2
89,38,Masculino,75609,4,270,26
90,33,Masculino,116825,12,384,14
91,62,Feminino,76661,13,24,59
92,35,Feminino,51024,9,138,56
93,64,Masculino,90313,3,308,7
94,41,Feminino,73006,12,393,3
95,43,Masculino,115285,9,84,23
96,42,Masculino,35338,7,165,18
97,62,Feminino,88027,12,243,38
98,58,Feminino,112772,14,258,99
99,46,Masculino,100135,4,196,15
100,32,Feminino,39508,3,286,64
101,62,Feminino,23051,10,360,89
102,18,Masculino,68747,5,301,28
103,42,Masculino,107142,5,82,74
104,24,Feminino,107235,3,236,39
105,26,Masculino,74021,12,361,57
106,41,Masculino,86412,9,334,17
107,18,Feminino,78335,4,302,86
108,61,Masculino,76179,11,196,90
109,25,Masculino,52093,5,480,44
110,41,Feminino,89678,4,436,25
111,28,Feminino,100738,5,117,17
112,68,Masculino,59734,7,124,13
113,34,Masculino,92615,9,118,84
114,25,Feminino,93523,7,404,25
115,52,Feminino,114476,13,424,68
116,52,Feminino,37019,5,330,10
117,50,Feminino,103613,10,25,67
118,22,Masculino,111794,10,495,18
119,59,Feminino,106672,7,484,100
120,56,Feminino,93847,14,216,86
121,58,Masculino,102750,10,370,34
122,45,Feminino,99634,5,152,8
123,24,Masculino,48251,3,377,40
124,26,Feminino,45945,7,278,83
125,25,Feminino,110852,13,456,42
126,29,Feminino,52217,11,42,41
127,51,Masculino,28308,11,72,6
128,50,Masculino,25949,2,184,52
129,65,Feminino,71990,12,221,26
130,40,Masculino,21150,9,477,64
131,41,Masculino,109480,10,102,98
132,54,Masculino,94740,10,164,59
133,52,Masculino,86617,12,104,56
134,61,Masculino,114841,1,97,59
135,57,Masculino,36896,13,476,70
136,39,Feminino,66175,6,385,33
137,44,Feminino,27805,7,20,53
138,52,Masculino,25237,14,70,22
139,18,Feminino,40056,13,192,21
140,52,Feminino,65543,8,224,70
141,54,Feminino,76556,10,279,70
142,64,Feminino,23343,9,465,4
143,31,Masculino,33500,2,468,94
144,20,Feminino,73222,11,388,75
145,18,Feminino,49375,10,307,62
146,22,Masculino,29662,2,53,62
147,43,Masculino,36964,5,367,94
148,31,Feminino,79638,13,114,95
149,56,Feminino,93666,5,91,24
150,44,Feminino,105067,6,58,55
151,26,Feminino,87215,3,173,9
152,32,Feminino,89042,8,269,3
153,32,Feminino,33284,13,181,31
154,43,Masculino,92789,1,457,40
155,59,Feminino,104664,6,137,36
156,30,Feminino,113468,4,278,24
157,68,Masculino,81389,1,398,95
158,49,Masculino,29435,7,325,6
159,56,Masculino,74340,9,287,66
160,66,Masculino,64078,13,468,84
161,69,Feminino,98832,4,73,92
162,49,Feminino,71293,4,255,75
163,21,Feminino,115981,6,408,4
164,47,Feminino,98781,12,497,79
165,54,Feminino,80403,3,241,6
166,40,Feminino,49124,13,270,94
167,56,Masculino,115435,12,332,51
168,62,Feminino,63919,6,420,62
169,32,Masculino,55247,7,131,57
170,60,Masculino,114758,11,274,66
171,46,Feminino,111747,10,322,79
172,53,Masculino,82752,10,426,75
173,30,Feminino,76573,3,226,8
174,49,Masculino,79101,7,248,26
175,24,Feminino,46646,14,360,51
176,68,Masculino,43049,3,417,45
177,39,Feminino,99605,13,85,44
178,45,Feminino,118116,13,94,5
179,19,Feminino,117379,2,454,70
180,59,Feminino,88385,12,122,26
181,62,Feminino,60158,14,441,68
182,23,Masculino,85417,10,211,19
183,45,Masculino,43289,4,271,84
184,45,Masculino,29823,12,245,97
185,61,Feminino,80160,8,313,20
186,61,Masculino,61975,13,325,12
187,37,Feminino,29540,9,117,47
188,47,Feminino,36364,7,357,1
189,28,Masculino,24611,1,305,90
190,45,Masculino,47663,3,354,14
191,42,Feminino,71991,13,366,64
192,56,Masculino,77679,12,454,38
193,50,Feminino,50977,14,466,37
194,18,Feminino,114704,9,327,11
195,44,Feminino,69115,12,268,100
196,69,Feminino,111007,1,185,77
197,30,Feminino,108223,9,491,3
198,58,Masculino,80890,8,354,33
199,20,Masculino,86387,1,49,6
200,56,Feminino,38071,6,266,50
